T_C,MAE_mm,RMSE_mm
650,1.45327393355394,1.80226300857372
700,1.24152387609632,1.77162643232453
750,1.36083333387696,1.67378006615565
800,1.59118913439721,1.93760056079492
850,1.39482332777914,1.60513742145734
900,1.52634115666026,1.78118012026386
